{"current":{"announcement_bar_enabled":true,"announcement_bar_text":"Double Monk's store fronts in Fitzroy and Sydney are back open, by appointment. Our online store is open 24\/7, shipping everywhere.","announcement_bar_link":"shopify:\/\/pages\/store-details","popup_enabled":false,"popup_title":"Keep up with Double Monk","popup_text":"News, special events, trunk shows, and new releases.","popup_image":"shopify:\/\/shop_images\/Newsletter_16b2f0c4-5e5e-442d-b3a5-6ae611035524.jpg","color_accent":"#c4cdd5","color_body_text":"#333232","color_main_bg":"#fff","font_heading":"helvetica_n4","font_body":"helvetica_n4","share_image":"","social_sharing_blog":true,"share_facebook":true,"share_twitter":true,"share_pinterest":true,"social_twitter_link":"","social_facebook_link":"","social_pinterest_link":"","social_instagram_link":"","social_snapchat_link":"","social_tumblr_link":"","social_youtube_link":"","social_vimeo_link":"","cart_notes_enable":true,"favicon":"shopify:\/\/shop_images\/DM_Icon.jpg","checkout_header_image":"","checkout_logo_image":"shopify:\/\/shop_images\/unnamed_1.jpg","checkout_logo_position":"left","checkout_logo_size":"large","checkout_body_background_image":"","checkout_body_background_color":"#fff","checkout_input_background_color_mode":"white","checkout_sidebar_background_image":"","checkout_sidebar_background_color":"#fafafa","checkout_heading_font":"-apple-system, BlinkMacSystemFont, 'Segoe UI', Roboto, Helvetica, Arial, sans-serif, 'Apple Color Emoji', 'Segoe UI Emoji', 'Segoe UI Symbol'","checkout_body_font":"-apple-system, BlinkMacSystemFont, 'Segoe UI', Roboto, Helvetica, Arial, sans-serif, 'Apple Color Emoji', 'Segoe UI Emoji', 'Segoe UI Symbol'","checkout_accent_color":"#333232","checkout_button_color":"#333232","checkout_error_color":"#e32c2b","image":"shopify:\/\/shop_images\/newsletter.jpg","color_text":"#3a3a3a","color_sale_text":"#ea0606","color_button":"#3a3a3a","color_button_text":"#ffffff","color_small_button_text_border":"#3a3a3a","color_text_field_text":"#000000","color_text_field_border":"#cccccc","color_text_field":"#ffffff","color_image_overlay_text":"#ffffff","color_image_overlay":"#685858","image_overlay_opacity":40,"color_borders":"#ebebeb","color_body_bg":"#ffffff","type_header_font":"helvetica_n7","type_header_base_size":26,"type_base_font":"helvetica_n4","type_base_size":15,"predictive_search_enabled":true,"predictive_search_show_vendor":false,"predictive_search_show_price":false,"enable_ajax":true,"sections":{"header":{"type":"header","settings":{"logo_max_width":100,"menu":"main-menu"}},"footer":{"type":"footer","settings":{"footer_linklist":"footer","show_payment_icons":false}},"product-template":{"type":"product-template","settings":{"show_quantity_selector":false,"show_variant_labels":true,"show_vendor":true,"enable_payment_button":true,"show_share_buttons":true,"media_size":"medium","enable_image_zoom":true,"enable_video_looping":false}},"product-recommendations":{"type":"product-recommendations","settings":{"show_product_recommendations":true,"heading":"You may also like","show_vendor":false}},"1597313435456":{"type":"slider","blocks":{"af4ec20f-c31a-471c-8e3f-0400954b559b":{"type":"slide","settings":{"image":"shopify:\/\/shop_images\/JFKxAO-1-1.jpg","mobile_image":"shopify:\/\/shop_images\/JFKxAO-1_e820145a-9719-4158-901e-02329cf87dfa.jpg","heading":"\"Touch the face of god\"","subtitle":"","content":"WEARING THE ICONIC MIL-SPEC AND MID-CENTURY STYLES FROM HISTORIC MAKER AMERICAN OPTICAL. MADE IN USA.","button_text":"SHOP THE COLLECTION","button_link":"\/collections\/american-optical"}}},"block_order":["af4ec20f-c31a-471c-8e3f-0400954b559b"],"settings":{}},"1597471092044":{"type":"icons-strip","blocks":{"1597471096975":{"type":"item","settings":{"icon":"shopify:\/\/shop_images\/in-store.png","title":"Australian Bricks & Mortar"}},"1597471413932":{"type":"item","settings":{"icon":"shopify:\/\/shop_images\/delivery.png","title":"Free Shipping > $300*"}},"1597471427118":{"type":"item","settings":{"icon":"shopify:\/\/shop_images\/store.jpg","title":"In-Store pick up"}},"1597471439752":{"type":"item","settings":{"icon":"shopify:\/\/shop_images\/afterpay.png","title":"Apple & Google Pay"}}},"block_order":["1597471096975","1597471413932","1597471427118","1597471439752"],"settings":{}},"1597472305788":{"type":"collection-list","blocks":{"1597472305788-2":{"type":"collection","settings":{"collection":"filson"}},"1597472305788-1":{"type":"collection","settings":{"collection":"hawaiian-shirts"}},"1597472305788-0":{"type":"collection","settings":{"collection":"american-optical"}}},"block_order":["1597472305788-2","1597472305788-1","1597472305788-0"],"settings":{}},"1597474727665":{"type":"collection-tags","blocks":{"c920572c-0811-4168-b5d5-ffd39376b36f":{"type":"collection","settings":{"collection":"crockett-jones"}},"1597474727665-0":{"type":"collection","settings":{"collection":"alden"}},"1597474864644":{"type":"collection","settings":{"collection":"edward-green"}},"1597474848107":{"type":"collection","settings":{"collection":"john-lobb"}},"1597474835956":{"type":"collection","settings":{"collection":"bresciani"}},"1597474855420":{"type":"collection","settings":{"collection":"filson"}},"1597474727665-1":{"type":"collection","settings":{"collection":"valstar"}},"1597474841840":{"type":"collection","settings":{"collection":"belts"}},"1597474727665-2":{"type":"collection","settings":{"collection":"ties"}},"4930f976-1fe3-49b8-b033-ab789f700802":{"type":"collection","settings":{"collection":"pocket-squares"}},"51be3e1d-5724-4950-80e5-f2a21ca2af32":{"type":"collection","settings":{"collection":"luggage"}},"4d271648-e654-49c2-b918-a7b336f0be6f":{"type":"collection","settings":{"collection":"umbrellas"}},"2a60e2f7-03d5-44fc-9f16-c61495ae73f0":{"type":"collection","settings":{"collection":"gloves"}},"482b4df3-5561-453a-bb23-771cfbc6cdc9":{"type":"collection","settings":{"collection":"eyewear"}},"d89583ed-b69e-46da-864c-7fd945b4ceb9":{"type":"collection","settings":{"collection":"gift-certificates"}}},"block_order":["c920572c-0811-4168-b5d5-ffd39376b36f","1597474727665-0","1597474864644","1597474848107","1597474835956","1597474855420","1597474727665-1","1597474841840","1597474727665-2","4930f976-1fe3-49b8-b033-ab789f700802","51be3e1d-5724-4950-80e5-f2a21ca2af32","4d271648-e654-49c2-b918-a7b336f0be6f","2a60e2f7-03d5-44fc-9f16-c61495ae73f0","482b4df3-5561-453a-bb23-771cfbc6cdc9","d89583ed-b69e-46da-864c-7fd945b4ceb9"],"settings":{}},"1597477167343":{"type":"featured-collection","settings":{"title":"Alden","collection":"alden"}},"1597478351748":{"type":"brands","blocks":{"1597478359565":{"type":"item","settings":{"logo":"shopify:\/\/shop_images\/CJones.jpg","link":"\/collections\/crockett-jones"}},"1597478374818":{"type":"item","settings":{"logo":"shopify:\/\/shop_images\/edwardgreen.jpg","link":"\/collections\/edward-green"}},"1597478390304":{"type":"item","settings":{"logo":"shopify:\/\/shop_images\/JobLob.jpg","link":"\/collections\/john-lobb"}},"1597478425286":{"type":"item","settings":{"logo":"shopify:\/\/shop_images\/alden.png","link":"\/collections\/alden"}},"e878db4c-d3da-4071-9696-1716ed328561":{"type":"item","settings":{"logo":"shopify:\/\/shop_images\/DM_8af6091d-e666-4da6-a232-6ca56f40b974.jpg","link":"\/collections\/double-monk"}},"1597478401488":{"type":"item","settings":{"logo":"shopify:\/\/shop_images\/saphir.jpg","link":"\/collections\/saphir"}},"2925d08b-c6ec-4e0e-9fa7-ae8372880161":{"type":"item","settings":{"logo":"shopify:\/\/shop_images\/quoddy.jpg","link":"\/collections\/quoddy"}},"77a21aae-1dc6-4807-b544-62bcfb936aaa":{"type":"item","settings":{"logo":"shopify:\/\/shop_images\/tieyourtie.jpg","link":"\/collections\/tie-your-tie"}},"f7224235-6406-4dd6-ac29-9f7ea282c80d":{"type":"item","settings":{"logo":"shopify:\/\/shop_images\/valster.jpg","link":"\/collections\/valstar"}},"1597478413921":{"type":"item","settings":{"logo":"shopify:\/\/shop_images\/fox_d434c246-29c6-4f1d-b072-2309fccd5736.jpg","link":"\/collections\/fox-umbrellas"}},"bb0d14ab-9749-4257-9f8e-e4db32b2a427":{"type":"item","settings":{"logo":"shopify:\/\/shop_images\/Brescini.jpg","link":"https:\/\/doublemonk.myshopify.com\/collections\/bresciani"}},"b8acebc8-5cf1-4699-be5e-6fc2bf4b1c9e":{"type":"item","settings":{"logo":"shopify:\/\/shop_images\/filson.jpg","link":"\/collections\/filson"}}},"block_order":["1597478359565","1597478374818","1597478390304","1597478425286","e878db4c-d3da-4071-9696-1716ed328561","1597478401488","2925d08b-c6ec-4e0e-9fa7-ae8372880161","77a21aae-1dc6-4807-b544-62bcfb936aaa","f7224235-6406-4dd6-ac29-9f7ea282c80d","1597478413921","bb0d14ab-9749-4257-9f8e-e4db32b2a427","b8acebc8-5cf1-4699-be5e-6fc2bf4b1c9e"],"settings":{}},"1597539592682":{"type":"bg-image-content","settings":{"image":"shopify:\/\/shop_images\/Made_To_Order_Banner.jpg","title":"Made to Order","text":"<p>Uniquely yours. To have and to hold.<\/p>","button_text":"More","button_link":"shopify:\/\/pages\/made-to-order","full_width":true}},"1597539662985":{"type":"bg-image-content-blocks","blocks":{"1597539668961":{"type":"item","settings":{"image":"shopify:\/\/shop_images\/Homepage_Store_Details_MEL.jpg","title":"Melbourne","text":"<p>53 Smith Street, Fitzroy VIC 3065 Australia<br\/>+61 3 9417 3335<br\/><br\/><\/p>","button_text":"Contact","button_link":"shopify:\/\/pages\/store-details"}},"1597539896211":{"type":"item","settings":{"image":"shopify:\/\/shop_images\/Homepage_Store_Details_SYD.jpg","title":"Sydney","text":"<p>The Strand Arcade, Level 2, Shop 129\/131<br\/>412-414 George Street, Sydney NSW 2000 Australia<br\/>+61 2 9222 9429<\/p>","button_text":"Contact","button_link":"shopify:\/\/pages\/store-details"}}},"block_order":["1597539668961","1597539896211"],"settings":{}},"faqs":{"type":"faqs","blocks":{"1598257926632":{"type":"title-section","settings":{"question":"How do I purchase stuff on this site?","answer":"<p>To exercise your purchasing power, navigate the website and click on the item(s) you wish to purchase, select your size and colour from the menus on the product page where applicable, then click the \"ADD TO CART\" icon on the screen. This will add the item to your shopping bag, which is a list of items you intend to purchase all together. You may always view the items you have added into your shopping bag at any time during your perusal of our online store. When you have added all your desired purchases to your shopping bag, click the \"CHECKOUT\" button or the \"Shopping Bag\" icon at the top right corner of your page. Input the relevant information and follow the prompts to finalise your order or select from the express checkout options available.<\/p>"}},"1598257940075":{"type":"title-section","settings":{"question":"Do I need to create an account with you in order to shop on the site?","answer":"<p>We reckon it’s a good idea. You can access your account and login via the <a href=\"https:\/\/doublemonk.com\/account\/login?return_url=%2Faccount\" title=\"https:\/\/doublemonk.com\/account\/login?return_url=%2Faccount\">\"Account\" icon<\/a> at the top right corner of your page. If you have registered on a previous occasion, sign in with your email address and the password you chose at the time of registration. If you have forgotten your password, click on the <a href=\"https:\/\/doublemonk.com\/account\/login?return_url=%2Faccount\" title=\"https:\/\/doublemonk.com\/account\/login?return_url=%2Faccount\">“Forgot Password” link<\/a> and an email will be sent to you with your password reset information. Setting up an account will allow you to review your order history as well as order without having to complete your details every time you want to make a purchase.<\/p>"}},"84994b47-cda4-4ced-b013-f1b8bb9afeb3":{"type":"title-section","settings":{"question":"Why should I invest in Goodyear welted shoes?","answer":"<p>If you are, like us, interested in getting the most bang for your buck, you buy goodyear welted shoes. They are harder wearing, longer-lasting and better looking. The benefit of having goodyear welted shoes lies in the ability to have them resoled, multiple times. So look at the cost per wear after you wore yours for 15 years and try telling us you should've bought something cheaper.<\/p>"}},"4bb133e1-8837-4ddf-b3b1-d17301150843":{"type":"title-section","settings":{"question":"What payment types do you accept?","answer":"<p>What can you offer? We accept all major payment methods including Visa, MasterCard, American Express, PayPal, Google Pay, Apple Pay, Shop Pay, Afterpay and maybe even a bank transfer. If you can't find your preferred method here, like Diners Club Carte Blanche, feel free to reach out to us at info@doublemonk.com. We might be able to help you or not, but we will only know, if you ask.<\/p>"}},"1598257952205":{"type":"title-section","settings":{"question":"What currency do you use?","answer":"<p>We're based in Australia so all displayed prices are in our local currency, the Aussie Dollar. We accept all major payment methods including Visa, MasterCard, American Express and PayPal and they can facilitate any foreign currency exchange if necessary. Best check with them to confirm what foreign exchange fees you may be charged.<\/p>"}},"be981c5c-e99f-4e2c-8959-c31bd42ec792":{"type":"title-section","settings":{"question":"Is the Goods and Services Tax (GST) included in all the prices listed on your website?","answer":"<p>Yes, for deliveries within Australia, all prices on our website are GST inclusive.<\/p>"}},"aeb4f51a-3d95-4cd6-b44e-7455b7ce4fb9":{"type":"title-section","settings":{"question":"If I order an item from the online store, how long will I have to wait to receive it?","answer":"<p>We always endeavor to process all orders within 48 hours of receiving them. For more information visit our Shipping Page <a href=\"https:\/\/doublemonk.myshopify.com\/pages\/shipping\">here<\/a>.<\/p>"}},"3fe333ec-1bcd-4a90-803d-28d5488b7d70":{"type":"title-section","settings":{"question":"Is delivery an added cost?","answer":"<p>Please see our Shipping Page <a href=\"\/pages\/shipping\" title=\"Shipping\"><span style=\"text-decoration:underline\">here<\/span><\/a>.<\/p>"}},"1598257967721":{"type":"title-section","settings":{"question":"How do I track my order(s) once I’ve completed my purchase?","answer":"<p>A tax invoice will be sent to you by email as soon as your order is received. In addition, a shipment confirmation will be emailed to you once your order has been shipped. This confirmation will have the tracking number for your shipment. You can use this number on the courier or post website to track the whereabouts of your order.<\/p>"}},"1598257975445":{"type":"title-section","settings":{"question":"I have just received my item, however the fit is not what I desired. Is it possible for me to exchange\/return it?","answer":"<p>It is possible. Please see our Returns Policy <a href=\"https:\/\/doublemonk.myshopify.com\/pages\/returns-exchanges\">here<\/a>.<\/p>"}},"40777f37-91b8-48bc-aa40-8640d6553905":{"type":"title-section","settings":{"question":"My shoes have arrived, now how do I take care of them? ","answer":"<p>First of all, congratulations, you put your money in the right place. If you also invested in a set of shoe trees you made another wise decision. You also want to get a brush with natural bristles from pig or horse hair. Keep your shoes clean and moisturised with some Renovateur and a coloured creme. Get a wax polish to protect the leather and shine'em up. All shoe care items are available on this website and are made in France by Saphir. C'est ça.<\/p>"}},"1598257987372":{"type":"title-section","settings":{"question":"I really like something you apparently sell but your site says it is sold out in my size. Is there anything I can do?","answer":"<p>Yes. Contact us at <a href=\"mailto:info@doublemonk.com\" title=\"info@doublemonk.com\">info@doublemonk.com<\/a> and we may be able to help.<\/p>"}},"9fa25112-17bf-44ed-8829-cfac57ab2022":{"type":"title-section","settings":{"question":"There's a particular product\/shoe that I'd like to order from one of the brands you stock, but I can't see it on your website, what can I do?","answer":"<p>There's a good chance we can order this product\/shoe for you! Get in touch with us <a href=\"https:\/\/doublemonk.com\/pages\/store-details#contact\" title=\"Contact Us\">here<\/a> and let us know.<\/p>"}},"5e607f01-013c-429e-b065-9b61e0abaa2f":{"type":"title-section","settings":{"question":"What is Pre-Order and how do I make the purchase?","answer":"<p>Our Pre-Order program allows you access to special order products that aren't immediately available. These special order products can include Double Monk exclusives and limited editions. Purchasing is simple - select your size and colour where applicable, click the black \"PRE-ORDER\" button, then proceed to checkout as you normally would.<\/p>"}},"27ec9fa6-cec4-4683-bcd5-ef6dea6b5f0c":{"type":"title-section","settings":{"question":"Pre-Order products aren't immediately available, so when will I receive my goods?","answer":"<p>Once your order has been confirmed, we will advise you on the estimated delivery date. Most special order products will arrive within 2-4 weeks from confirmation. Products that need to be made-to-order may take a little longer. <\/p>"}},"87a51b69-15be-4361-b58a-3be9a0f497ce":{"type":"title-section","settings":{"question":"I've already placed my order. Can I still change the size\/colour that I order?","answer":"<p>It may be possible. Let us know immediately by <a href=\"https:\/\/doublemonk.com\/pages\/store-details#contact\" title=\"Contact Us\">contacting us<\/a> or emailing us on <a href=\"mailto:info@doublemonk.com\" target=\"_blank\">info@doublemonk.com.<\/a><\/p>"}},"61c6d6f2-ff61-4a06-8ac6-fc22ff5def5d":{"type":"title-section","settings":{"question":"Can I exchange a Pre-Order purchase?","answer":"<p>As all Pre-Order purchases are special orders, all sales are final and cannot be exchanged or refunded, unless goods are faulty.<\/p>"}},"1598257998454":{"type":"title-section","settings":{"question":"I make\/distribute fine wares you may be interested in selling. Is Double Monk open to my Dharma?","answer":"<p>P&#x27;aps. Reach out and there may be a meeting of minds. Never hurts to reach out.<\/p>"}}},"block_order":["1598257926632","1598257940075","84994b47-cda4-4ced-b013-f1b8bb9afeb3","4bb133e1-8837-4ddf-b3b1-d17301150843","1598257952205","be981c5c-e99f-4e2c-8959-c31bd42ec792","aeb4f51a-3d95-4cd6-b44e-7455b7ce4fb9","3fe333ec-1bcd-4a90-803d-28d5488b7d70","1598257967721","1598257975445","40777f37-91b8-48bc-aa40-8640d6553905","1598257987372","9fa25112-17bf-44ed-8829-cfac57ab2022","5e607f01-013c-429e-b065-9b61e0abaa2f","27ec9fa6-cec4-4683-bcd5-ef6dea6b5f0c","87a51b69-15be-4361-b58a-3be9a0f497ce","61c6d6f2-ff61-4a06-8ac6-fc22ff5def5d","1598257998454"],"settings":{}},"store-details":{"type":"store-details","blocks":{"1598259723045":{"type":"item","settings":{"image":"shopify:\/\/shop_images\/DMMelb.jpg","title":"Melbourne","text":"<p>53 Smith Street <br\/>Fitzroy VIC 3065 Australia<\/p><p> <a href=\"tel:+61 3 9417 3335\" title=\"tel:+61 3 9417 3335\">+61 3 9417 3335<\/a><br\/><strong><br\/><\/strong><br\/>Opening Hours<\/p><p>Monday - Closed<br\/>Tuesday - 11.00 to 17.00<br\/>Wednesday - 11.00 to 17.00<br\/>Thursday - 11.00 to 17.00<br\/>Friday - 11.00 to 17.00<br\/>Saturday - 11.00 to 16.00<br\/>Sunday - Closed<\/p><p><\/p>","button_text":"View Location","button_link":"https:\/\/www.google.com\/maps\/place\/Double+Monk\/@-37.8071,144.9804603,17z\/data=!4m13!1m7!3m6!1s0x6ad642dd84d4b431:0x980c93f551287796!2s53+Smith+St,+Fitzroy+VIC+3065!3b1!8m2!3d-37.8071!4d144.982649!3m4!1s0x6ad642dd85afeddf:0x98dd260c86bee61!8m2!3d-37.807067!4d144.982698"}},"1598259819220":{"type":"item","settings":{"image":"shopify:\/\/shop_images\/DMsyd.jpg","title":"Sydney","text":"<p>The Strand Arcade, Shop 129\/131, Level 2 <br\/>412-414 George Street Sydney NSW 2000 Australia<\/p><p><a href=\"tel:+61 2 9222 9429\" title=\"tel:+61 2 9222 9429\">+61 2 9222 9429<\/a><br\/><br\/><br\/>Opening Hours<\/p><p>Monday - Closed<br\/>Tuesday - 10.00 to 17.30<br\/>Wednesday - 10.00 to 17.30<br\/>Thursday - 10.00 to 17.30<br\/>Friday - 10.00 to 17.30<br\/>Saturday - 10.00 to 16.00<br\/>Sunday - Closed<\/p>","button_text":"View Location","button_link":"https:\/\/www.google.com\/maps\/place\/Double+Monk\/@-33.8694121,151.2054382,17z\/data=!4m12!1m6!3m5!1s0x6b12ae3f9995b665:0x706539e2a33d744d!2sDouble+Monk!8m2!3d-33.8694166!4d151.2076269!3m4!1s0x6b12ae3f9995b665:0x706539e2a33d744d!8m2!3d-33.8694166!4d151.2076269"}}},"block_order":["1598259723045","1598259819220"],"settings":{}},"contact":{"type":"contact","settings":{}},"bg-image":{"type":"bg-image","settings":{"image":"shopify:\/\/shop_images\/About_us_banner_77e45cf0-7053-44ab-866c-ebce4f07d773.jpg"}},"newsletter":{"type":"newsletter","settings":{"title":"Keep up with Double Monk News, special events, trunk shows, and new releases.","text":""}},"bg-image-content":{"type":"bg-image-content","settings":{"image":"shopify:\/\/shop_images\/About_Us_-_MTO.jpg","title":"Made to Order","text":"<p>The shoe you have dreamt of all these years is only a fitting away.<\/p>","button_text":"Get in touch","button_link":"shopify:\/\/pages\/store-details","full_width":false}},"title-subtitle-content":{"type":"title-subtitle-content","settings":{"title":"Double Monk is a purveyor of top-tier men’s shoes and appurtenances based in Melbourne and Sydney, Australia. At Double Monk we stock things that will last for decades, not years.","subtitle":"The aesthetic values informing the things we sell, whether innovative or traditional in style, acknowledge and serve the principles of place, time and purpose.","text":"<p>We do not deal in fickle wares. Fashion is contrary and slave to irony, and it chases tomorrow at the expense of today. Unfortunately, many things you can buy these days are conceived and designed merely to negotiate an antagonistic, tired and crowded market. We instead present our customers with items in which the qualities are plainly intrinsic to the product as it is defined.<\/p><p>We share a passion for heritage, not only in design, but also in usage and craft. We endeavour to find, understand and deliver products that advantage committed craftspeople and all people who may use their products. The ideas and origins behind these products, their place in both history and in the present, are of utmost importance to us.<\/p><p>As a company, we still think and act as customers. We identify with the thrill of, fascination with, and desire for great and useful things. We have been passionate and devoted users and wearers of all the brands and makes we represent and we consider it an honour to represent them.<\/p>"}},"image-title-content":{"type":"image-title-content","settings":{"title":"","text":""}},"3-column-content":{"type":"3-column-content","blocks":{"1598411301125":{"type":"item","settings":{"image":"shopify:\/\/shop_images\/About_Us_-_Tile_1_CJ.jpg","title":"Crockett & Jones","subtitle":"Same factory, same family for more than 100 years","link":"\/collections\/crockett-jones","text":""}},"1598411373533":{"type":"item","settings":{"image":"shopify:\/\/shop_images\/About_Us_-_Tile_2_EG.jpg","title":"Edward green","subtitle":"Very refined and very English","link":"\/collections\/edward-green","text":""}},"1598411376628":{"type":"item","settings":{"image":"shopify:\/\/shop_images\/About_Us_-_Tile_3_JL.jpg","title":"John Lobb","subtitle":"Perhaps the most famous English shoemaker","link":"\/collections\/john-lobb","text":""}}},"block_order":["1598411301125","1598411373533","1598411376628"],"settings":{}},"1598416689261":{"type":"instafeed","settings":{}},"instafeed":{"type":"instafeed","settings":{}}},"content_for_index":["1597313435456","1597471092044","1597472305788","1597474727665","1597477167343","1597478351748","1597539592682","1597539662985","1598416689261"]},"presets":{"Default":{"sections":{"header":{"type":"header","settings":{}},"hero-1":{"type":"hero","settings":{"hero_size":"large","text_size":"large"}},"feature-row":{"type":"feature-row","settings":{}},"feature-columns":{"type":"feature-columns","blocks":{"feature-columns-0":{"type":"text_block","settings":{}},"feature-columns-1":{"type":"text_block","settings":{}},"feature-columns-2":{"type":"text_block","settings":{}}},"block_order":["feature-columns-0","feature-columns-1","feature-columns-2"],"settings":{"title":""}},"collection":{"type":"collection","settings":{"grid":4}},"hero-2":{"type":"hero","settings":{"text_size":"large"}},"quotes":{"type":"quotes","blocks":{"quotes-0":{"type":"quote","settings":{}},"quotes-1":{"type":"quote","settings":{}},"quotes-2":{"type":"quote","settings":{}}},"block_order":["quotes-0","quotes-1","quotes-2"],"settings":{"title":""}},"image-bar":{"type":"image-bar","blocks":{"image-bar-0":{"type":"image","settings":{}},"image-bar-1":{"type":"image","settings":{}},"image-bar-2":{"type":"image","settings":{}}},"block_order":["image-bar-0","image-bar-1","image-bar-2"],"settings":{}},"footer":{"type":"footer","blocks":{"footer-0":{"type":"link_list","settings":{}},"footer-1":{"type":"newsletter","settings":{}}},"block_order":["footer-0","footer-1"],"settings":{"show_payment_icons":true}}},"content_for_index":["hero-1","feature-row","feature-columns","collection","hero-2","quotes","image-bar"]},"Light":{"color_text":"#162950","color_body_text":"#6d6d6d","color_sale_text":"#DA2F0C","color_borders":"#e4e4e4","color_button":"#DA2F0C","color_button_text":"#ffffff","color_small_button_text_border":"#162950","color_text_field":"#ffffff","color_text_field_text":"#162950","color_text_field_border":"#909090","color_image_overlay_text":"#ffffff","color_image_overlay":"#3d3d3d","image_overlay_opacity":40,"color_body_bg":"#f8f8f8","type_header_font":"muli_n6","type_header_base_size":26,"type_base_font":"muli_n4","type_base_size":18,"share_facebook":true,"share_twitter":true,"share_pinterest":true,"social_twitter_link":"","social_facebook_link":"","social_pinterest_link":"","social_instagram_link":"","social_tumblr_link":"","social_snapchat_link":"","social_youtube_link":"","social_vimeo_link":"","favicon":"","checkout_header_image":"","checkout_logo_image":"","checkout_logo_position":"left","checkout_logo_size":"small","checkout_body_background_image":"","checkout_body_background_color":"#ffffff","checkout_input_background_color_mode":"white","checkout_sidebar_background_image":"","checkout_sidebar_background_color":"#e8f3f6","checkout_heading_font":"Roboto","checkout_body_font":"Source Sans Pro","checkout_accent_color":"#1990c6","checkout_button_color":"#23314e","checkout_error_color":"#ff6d6d","sections":{"header":{"type":"header","settings":{"align_logo":"left","logo":"","logo_max_width":135,"main_linklist":"main-menu","message":true,"color_bg":"#162950","color_text":"#ffffff"}},"hero":{"type":"hero","settings":{"alignment":"center","hero_size":"x-large","text_size":"large"}},"slideshow":{"type":"slideshow","blocks":{"slideshow-0":{"type":"image","settings":{"image":"","alignment":"center center"}},"1492095993817":{"type":"image","settings":{"image":"","alignment":"center"}}},"block_order":["slideshow-0","1492095993817"],"settings":{"slideshow_height":"medium","text_size":"medium","autorotate":false,"autorotate_speed":5}},"featured-collections":{"type":"collection","settings":{"grid":3,"rows":1,"show_vendor":true,"show_view_all":true}},"product-template":{"type":"product-template","settings":{"show_quantity_selector":false,"show_variant_labels":true,"show_vendor":false,"show_share_buttons":true,"media_size":"medium","enable_image_zoom":true,"enable_video_looping":false}},"collection-template":{"type":"collection-template","settings":{"layout":"grid","grid":2,"rows":2,"show_collection_image":true,"show_vendor":false,"sort_enable":true,"tags_enable":true}},"1492033809691":{"type":"map","settings":{}},"1492033877875":{"type":"quotes","blocks":{"1492033877875-0":{"type":"quote","settings":{}}},"block_order":["1492033877875-0"],"settings":{}},"1492033924902":{"type":"custom-content","blocks":{"1492033924902-0":{"type":"text","settings":{"width":"100%","alignment":"center","align_text":"center"}}},"block_order":["1492033924902-0"],"settings":{"title":""}},"1492096252560":{"type":"collection-list","blocks":{"1492096252560-0":{"type":"featured_collection","settings":{}},"1492096252560-1":{"type":"featured_collection","settings":{}},"1492096252560-2":{"type":"featured_collection","settings":{}}},"block_order":["1492096252560-0","1492096252560-1","1492096252560-2"],"settings":{"grid":3}},"blog-template":{"type":"blog-template","settings":{"layout":"grid","blog_show_author":true,"blog_show_date":false}},"article-template":{"type":"article-template","settings":{"blog_show_author":true,"blog_show_date":true,"show_share_buttons":true}},"cart-template":{"type":"cart-template","settings":{"cart_notes_enable":false}},"footer":{"type":"footer","blocks":{"link_list":{"type":"link_list","settings":{}},"text":{"type":"text","settings":{}},"newsletter":{"type":"newsletter","settings":{}}},"block_order":["link_list","text","newsletter"],"settings":{"color_footer_bg":"#f8f8f8","color_footer_text":"#6d6d6d"}}},"content_for_index":["hero","featured-collections","slideshow","1492033924902","1492096252560","1492033877875","1492033809691"]}}}